<?xml version="1.0" encoding="UTF-8"?>
<beans
    xmlns="http://www.springframework.org/schema/beans"
    xmlns:xsi="http://www.w3.org/2001/XMLSchema-instance"
    xmlns:context="http://www.springframework.org/schema/context"
    xmlns:tx="http://www.springframework.org/schema/tx"
    xmlns:mvc="http://www.springframework.org/schema/mvc"
 xsi:schemaLocation="
  http://www.springframework.org/schema/beans
  http://www.springframework.org/schema/beans/spring-beans.xsd
  http://www.springframework.org/schema/context
  http://www.springframework.org/schema/context/spring-context.xsd
  http://www.springframework.org/schema/mvc
  http://www.springframework.org/schema/mvc/spring-mvc.xsd
  http://www.springframework.org/schema/tx 
  http://www.springframework.org/schema/tx/spring-tx.xsd">
    
    <context:component-scan base-package="com.kg.app1" />
    <!-- Add support for conversion, formatting and validation support -->
    <mvc:annotation-driven/>

    <bean class="org.springframework.web.servlet.view.InternalResourceViewResolver">
        <property name="prefix" value="/WEB-INF/views/" />
        <property name="suffix" value=".jsp" />
    </bean>
  
    <bean id="sessionFactory"
      class="org.springframework.orm.hibernate5.LocalSessionFactoryBean">
        <property name="dataSource"
          ref="dataSource"/>
        <property name="packagesToScan"
          value="com.kg.app1.entity"/>
        <property name="hibernateProperties">
            <props>
                <prop key="hibernate.hbm2ddl.auto">
                    create-drop
                </prop>
                <prop key="hibernate.dialect">
                    org.hibernate.dialect.MySQL57Dialect
                </prop>
            </props>
        </property>
    </bean>
 
    <bean id="dataSource"
      class="org.apache.tomcat.dbcp.dbcp2.BasicDataSource">
        <property name="driverClassName" value="com.mysql.cj.jdbc.Driver"/>
        <property name="url" value="jdbc:mysql://localhost:3306/demo1"/>
        <property name="username" value="root"/>
        <property name="password" value=""/>
    </bean>
  
  
    <bean id="myTransactionManager"
            class="org.springframework.orm.hibernate5.HibernateTransactionManager">
        <property name="sessionFactory" ref="sessionFactory"/>
    </bean>
  
    <tx:annotation-driven transaction-manager="myTransactionManager" />
  
    <mvc:resources location="/resources/" mapping="/resources/**"></mvc:resources>
</beans>